{
  "overall": {
    "precision": 0.9797,
    "recall": 0.9797,
    "f1": 0.9797,
    "tp": 1641,
    "fp": 34,
    "fn": 34,
    "accuracy": 0.9565149298683418
  },
  "per_entity": {
    "DISEASE": {
      "precision": 0.9306,
      "recall": 0.971,
      "f1": 0.9504,
      "tp": 201,
      "fp": 15,
      "fn": 6
    },
    "SYMPTOM": {
      "precision": 0.9872,
      "recall": 0.9872,
      "f1": 0.9872,
      "tp": 461,
      "fp": 6,
      "fn": 6
    },
    "DRUG": {
      "precision": 0.974,
      "recall": 0.9317,
      "f1": 0.9524,
      "tp": 150,
      "fp": 4,
      "fn": 11
    },
    "PROCEDURE": {
      "precision": 0.96,
      "recall": 0.9474,
      "f1": 0.9536,
      "tp": 144,
      "fp": 6,
      "fn": 8
    },
    "ANATOMY": {
      "precision": 0.9956,
      "recall": 0.9956,
      "f1": 0.9956,
      "tp": 685,
      "fp": 3,
      "fn": 3
    }
  },
  "confusion_matrix": [
    [
      21243,
      11,
      15,
      4,
      1,
      3,
      1,
      1,
      3,
      0,
      0
    ],
    [
      5,
      202,
      0,
      0,
      0,
      0,
      0,
      0,
      0,
      0,
      0
    ],
    [
      3,
      2,
      71,
      0,
      0,
      0,
      0,
      0,
      0,
      0,
      0
    ],
    [
      1,
      0,
      0,
      462,
      3,
      0,
      0,
      0,
      0,
      1,
      0
    ],
    [
      2,
      0,
      0,
      1,
      109,
      0,
      0,
      0,
      0,
      0,
      0
    ],
    [
      9,
      1,
      0,
      0,
      0,
      150,
      0,
      1,
      0,
      0,
      0
    ],
    [
      0,
      0,
      0,
      0,
      0,
      0,
      4,
      0,
      0,
      0,
      0
    ],
    [
      4,
      0,
      0,
      0,
      0,
      1,
      0,
      145,
      1,
      1,
      0
    ],
    [
      0,
      0,
      0,
      0,
      0,
      0,
      0,
      3,
      59,
      0,
      0
    ],
    [
      2,
      0,
      0,
      0,
      0,
      0,
      0,
      0,
      0,
      686,
      0
    ],
    [
      1,
      0,
      0,
      0,
      0,
      0,
      0,
      0,
      0,
      0,
      30
    ]
  ],
  "label_list": [
    "O",
    "B-DISEASE",
    "I-DISEASE",
    "B-SYMPTOM",
    "I-SYMPTOM",
    "B-DRUG",
    "I-DRUG",
    "B-PROCEDURE",
    "I-PROCEDURE",
    "B-ANATOMY",
    "I-ANATOMY"
  ],
  "train_losses": [
    5.267302867799702,
    1.3742942824812219,
    0.7453058860679664,
    0.45685766032426667,
    0.30609269277884227,
    0.22295744997439998,
    0.1582201645515933,
    0.12680047219342525,
    0.10717588633593947,
    0.07991229159997242,
    0.05894540501112985,
    0.05670801070657107,
    0.048004100523372686,
    0.041140833703598174,
    0.03671355147172909
  ],
  "val_losses": [
    1.6471359648487784,
    0.8159700794653459,
    0.4631401137872176,
    0.31348818134177814,
    0.2296487648378719,
    0.1950449659065767,
    0.1613734310323542,
    0.17935375733809036,
    0.16467565569010648,
    0.1603124656460502,
    0.15413000773299823,
    0.15682074698534879,
    0.19588545777580954,
    0.13035351037979126,
    0.15080523626370865
  ]
}