{
  "overall": {
    "precision": 0.8774,
    "recall": 0.7988,
    "f1": 0.8363,
    "tp": 1338,
    "fp": 187,
    "fn": 337,
 "accuracy": 0.915131227949402
  },
  "per_entity": {
    "DISEASE": {
      "precision": 0.8743,
      "recall": 0.8068,
      "f1": 0.8392,
      "tp": 167,
      "fp": 24,
      "fn": 40
    },
    "SYMPTOM": {
      "precision": 0.8387,
      "recall": 0.8351,
      "f1": 0.8369,
      "tp": 390,
      "fp": 75,
      "fn": 77
    },
    "DRUG": {
      "precision": 0.8047,
      "recall": 0.6398,
      "f1": 0.7128,
      "tp": 103,
      "fp": 25,
      "fn": 58
    },
    "PROCEDURE": {
      "precision": 0.771,
      "recall": 0.6645,
      "f1": 0.7138,
      "tp": 101,
      "fp": 30,
      "fn": 51
    },
    "ANATOMY": {
      "precision": 0.9459,
      "recall": 0.8387,
      "f1": 0.8891,
      "tp": 577,
      "fp": 33,
      "fn": 111
    }
  },
  "confusion_matrix": [
    [
      21098,
      17,
      19,
      55,
      8,
      23,
      1,
      22,
      7,
      27,
      5
    ],
    [
      33,
      172,
      1,
      1,
      0,
      0,
      0,
      0,
      0,
      0,
      0
    ],
    [
      31,
      1,
      44,
      0,
      0,
      0,
      0,
      0,
      0,
      0,
      0
    ],
    [
      63,
      0,
      0,
      394,
      9,
      0,
      0,
      0,
      0,
      1,
      0
    ],
    [
      13,
      1,
      0,
      6,
      92,
      0,
      0,
      0,
      0,
      0,
      0
    ],
    [
      56,
      0,
      0,
      0,
      0,
      105,
      0,
      0,
      0,
      0,
      0
    ],
    [
      3,
      0,
      0,
      0,
      0,
      0,
      1,
      0,
      0,
      0,
      0
    ],
    [
      43,
      0,
      0,
      0,
      0,
      0,
      0,
      105,
      2,
      2,
      0
    ],
    [
      10,
      0,
      0,
      0,
      0,
      0,
      0,
      4,
      47,
      0,
      1
    ],
    [
      97,
      0,
      1,
      9,
      0,
      0,
      0,
      0,
      0,
      580,
      1
    ],
    [
      5,
      0,
      0,
      0,
      0,
      0,
      0,
      0,
      0,
      0,
      26
    ]
  ],
  "label_list": [
    "O",
    "B-DISEASE",
    "I-DISEASE",
    "B-SYMPTOM",
    "I-SYMPTOM",
    "B-DRUG",
    "I-DRUG",
    "B-PROCEDURE",
    "I-PROCEDURE",
    "B-ANATOMY",
    "I-ANATOMY"
  ],
  "train_losses": [
    0.5383936143110669,
    0.10909175399749999,
    0.06230295662369047
  ],
  "val_losses": [
    0.16507976735010743,
    0.12346347444690764,
    0.10136305098421872
  ],
  "model": "BioBERT"
}